Brand,Description,Category,Sub-Category,Motorcycly Compatible With
MTX,REFRESHER,Cosmetic,CLEANER,UNIVERSAL
MTX,O’ DEGREASER,Cosmetic,DEGREASER,UNIVERSAL
MTX,TIRE BLACK,Cosmetic,TIRE CARE,UNIVERSAL
MTX,QUICK DETAILER,Cosmetic,DETAILER,UNIVERSAL
MTX,WASH AND WAX,Cosmetic,WASH,UNIVERSAL
MTX,Q SHINE,Cosmetic,POLISH,UNIVERSAL
MTX,NANOGLOSH,Cosmetic,GLOSS,UNIVERSAL
MTX,SUNSHIELD,Cosmetic,PROTECTANT,UNIVERSAL
MTX,WATER MARK REMOVER,Cosmetic,REMOVER,UNIVERSAL
KOBY,PAINT REMOVER,Cosmetic,REMOVER,UNIVERSAL
KOBY,HELMET DISINFECTING FOAM,Cosmetic,DISINFECTANT,HELMET
KOBY,DERUST,Cosmetic,RUST REMOVER,UNIVERSAL
KOBY,DEGREASER,Cosmetic,DEGREASER,UNIVERSAL
KOBY,SPRAY PAINT RED,Cosmetic,SPRAY PAINT,UNIVERSAL
KOBY,SPRAY PAINT BLACK,Cosmetic,SPRAY PAINT,UNIVERSAL
KOBY,SPRAY PAINT SILVER,Cosmetic,SPRAY PAINT,UNIVERSAL
KOBY,SPRAY PAINT FLAT BLACK,Cosmetic,SPRAY PAINT,UNIVERSAL
KOBY,SPRAY PAINT GLOSS BLACK,Cosmetic,SPRAY PAINT,UNIVERSAL
KOBY,SPRAY PAINT CLEAR TOP COAT,Cosmetic,SPRAY PAINT,UNIVERSAL
KOBY,HIGH TEMP FLAT BLACK,Cosmetic,HIGH TEMP PAINT,UNIVERSAL
KOBY,HIGH TEMP SILVER,Cosmetic,HIGH TEMP PAINT,UNIVERSAL
KOBY,HIGH TEMP PRIMER GREY,Cosmetic,HIGH TEMP PAINT,UNIVERSAL
KOBY,MULTI FUNCTION CLEANER,Cosmetic,CLEANER,UNIVERSAL
KOBY,CHAIN LUBE,Cosmetic,LUBRICANT,UNIVERSAL
KOBY,TIRE BLACK,Cosmetic,TIRE CARE,UNIVERSAL
ZENO,CVT CLEANER,Cosmetic,CVT CLEANER,UNIVERSAL
RS8,CVT CLEANER,Cosmetic,CVT CLEANER,UNIVERSAL
DO IT,DEGREASER,Cosmetic,DEGREASER,UNIVERSAL
SILVESTRE,HIGH TEMP SPRAY GREY,Cosmetic,HIGH TEMP PAINT,UNIVERSAL
SILVESTRE,HIGH TEMP SPRAY BLACK,Cosmetic,HIGH TEMP PAINT,UNIVERSAL
SILVESTRE,CHAIN LUBE,Cosmetic,LUBRICANT,UNIVERSAL
AP WAX,SAIYAN,Cosmetic,WAX,UNIVERSAL
AP WAX,TIRE SEALANT,Cosmetic,TIRE CARE,UNIVERSAL
AP WAX,TIRE SEALANT W/INFLATOR,Cosmetic,TIRE CARE,UNIVERSAL
VS1,PLEDGE,Cosmetic,CLEANER,UNIVERSAL
ARMOR ALL,TIRE FOAM,Cosmetic,TIRE CARE,UNIVERSAL
ARMOR ALL,LEATHER WIPES,Cosmetic,LEATHER CARE,UNIVERSAL
B,DEGREASER,Cosmetic,DEGREASER,UNIVERSAL
9HD,HIGH GLOSS POLISHING WAX,Cosmetic,WAX,UNIVERSAL
SAMURAI,HIGH TEMP BLACK,Cosmetic,HIGH TEMP PAINT,UNIVERSAL
SAMURAI,BLACK FLAT BLACK,Cosmetic,SPRAY PAINT,UNIVERSAL
SAMURAI,BLACK,Cosmetic,SPRAY PAINT,UNIVERSAL
SAMURAI,CLEAR,Cosmetic,SPRAY PAINT,UNIVERSAL
RS8,PULLEY SET,CVT,PULLEY SET,XMAX
RS8,PULLEY SET,CVT,PULLEY SET,M3
RS8,PULLEY SET,CVT,PULLEY SET,"CLICK, ADV"
RS8,PULLEY SET,CVT,PULLEY SET,BEAT
RS8,PULLEY SET,CVT,PULLEY SET,SPORTY
RS8,PULLEY SET,CVT,PULLEY SET,"NMAX, AEROX"
RS8,BELL,CVT,BELL,"NMAX, AEROX"
RS8,BELL,CVT,BELL,M3
RS8,BELL,CVT,BELL,"CLICK, ADV"
RS8,BELL,CVT,BELL,SPORTY
RS8,CLUTCH ASSY,CVT,CLUTCH ASSEMBLY,UNIVERSAL
RS8,CLUTCH ASSY,CVT,CLUTCH ASSEMBLY,BEAT
RS8,CLUTCH ASSY,CVT,CLUTCH ASSEMBLY,SPORTY
RS8,CLUTCH SHOE,CVT,CLUTCH SHOE,UNIVERSAL
RS8,CLUTCH SHOE,CVT,CLUTCH SHOE,SPORTY
RS8,CLUTCH SHOE,CVT,CLUTCH SHOE,CLICK
RS8,CLUTCH SHOE,CVT,CLUTCH SHOE,M3
RS8,CENTER SPRING 1000 RPM,CVT,CENTER SPRING,"NMAX, AEROX, M3"
RS8,CENTER SPRING 1200 RPM,CVT,CENTER SPRING,"NMAX, AEROX, M3"
RS8,CENTER SPRING 1500 RPM,CVT,CENTER SPRING,"NMAX, AEROX, M3"
RS8,CENTER SPRING 1800 RPM,CVT,CENTER SPRING,"NMAX, AEROX, M3"
RS8,CENTER SPRING 1000 RPM,CVT,CENTER SPRING,CLICK
RS8,CENTER SPRING 1200 RPM,CVT,CENTER SPRING,CLICK
RS8,CENTER SPRING 1500 RPM,CVT,CENTER SPRING,CLICK
RS8,CLUTCH SPRING 1000 RPM,CVT,CENTER SPRING,CLICK
RS8,CLUTCH SPRING 1200 RPM,CVT,CENTER SPRING,CLICK
RS8,CLUTCH SPRING 1500 RPM,CVT,CENTER SPRING,CLICK
RS8,CLUTCH SPRING 2000 RPM,CVT,CENTER SPRING,CLICK
RS8,TORQUE DRIVE,CVT,TORQUE DRIVE,"NMAX, AEROX"
RS8,TORQUE DRIVE,CVT,TORQUE DRIVE,M3
RS8,TORQUE DRIVE,CVT,TORQUE DRIVE,CLICK
RS8,TORQUE DRIVE,CVT,TORQUE DRIVE,PCX 160
RS8,TORQUE DRIVE,CVT,TORQUE DRIVE,ADV 160
RS8,TORQUE DRIVE,CVT,TORQUE DRIVE,CLICK 160
RS8,FRONT TORQUE DRIVE,CVT,TORQUE DRIVE,"NMAX, AEROX"
RS8,FLYBALL 8G ,CVT,FLYBALL,"NMAX, AEROX, M3"
RS8,FLYBALL 9G,CVT,FLYBALL,"NMAX, AEROX, M3"
RS8,FLYBALL 10G,CVT,FLYBALL,"NMAX, AEROX, M3"
RS8,FLYBALL 11G,CVT,FLYBALL,"NMAX, AEROX, M3"
RS8,FLYBALL 12G,CVT,FLYBALL,"NMAX, AEROX, M3"
RS8,FLYBALL 13G,CVT,FLYBALL,"NMAX, AEROX, M3"
RS8,FLYBALL 14G,CVT,FLYBALL,"NMAX, AEROX, M3"
RS8,FLYBALL 15G,CVT,FLYBALL,"NMAX, AEROX, M3"
RS8,FLYBALL 9G,CVT,FLYBALL,CLICK
RS8,FLYBALL 10G,CVT,FLYBALL,CLICK
RS8,FLYBALL 11G,CVT,FLYBALL,CLICK
RS8,FLYBALL 12G,CVT,FLYBALL,CLICK
RS8,FLYBALL 13G,CVT,FLYBALL,CLICK
RS8,FLYBALL 14G,CVT,FLYBALL,CLICK
RS8,FLYBALL 15G,CVT,FLYBALL,CLICK
RS8,FLYBALL 16G,CVT,FLYBALL,CLICK
RS8,FLYBALL 7G,CVT,FLYBALL,SPORTY
RS8,FLYBALL 8G,CVT,FLYBALL,SPORTY
RS8,FLYBALL 9G,CVT,FLYBALL,SPORTY
RS8,FLYBALL 10G,CVT,FLYBALL,SPORTY
RS8,SLIDER PIECE,CVT,SLIDER PIECE,BEAT
WF,PULLEY SET,CVT,,"NMAX, AEROX"
WF,PULLEY SET,CVT,,M3
WF,PULLEY SET,CVT,,"CLICK 125, CLICK 150"
WF,PULLEY SET,CVT,,PCX 160
WF,PULLEY SET,CVT,,MIO SPORTY
WF,BELL,CVT,,"NMAX, AEROX"
WF,BELL,CVT,,M3
WF,BELL,CVT,,"CLICK 125, CLICK 150"
WF,BELL,CVT,,PCX 160
WF,BELL,CVT,,MIO SPORTY
WF,FLYBALL 8G,CVT,,NMAX
WF,FLYBALL 9G,CVT,,NMAX
WF,FLYBALL 10G,CVT,,NMAX
WF,FLYBALL 11G,CVT,,NMAX
WF,FLYBALL 12G,CVT,,NMAX
WF,FLYBALL 13G,CVT,,NMAX
WF,FLYBALL 14G,CVT,,NMAX
WF,FLYBALL 15G,CVT,,NMAX
WF,FLYBALL 9G,CVT,,CLICK
WF,FLYBALL 10G,CVT,,CLICK
WF,FLYBALL 11G,CVT,,CLICK
WF,FLYBALL 12G,CVT,,CLICK
WF,FLYBALL 13G,CVT,,CLICK
WF,FLYBALL 14G,CVT,,CLICK
WF,FLYBALL 15G,CVT,,CLICK
WF,FLYBALL 16G,CVT,,CLICK
WF,TORQUE DRIVE,CVT,,"NMAX, AEROX S"
WF,TORQUE DRIVE,CVT,,"NMAX, AEROX A"
TSMP,PULLEY SET,CVT,,"NMAX, AEROX"
TSMP,PULLEY SET,CVT,,M3
TSMP,PULLEY SET,CVT,,"CLICK 125, CLICK 150"
TSMP,PULLEY SET,CVT,,PCX 160
TSMP,PULLEY SET,CVT,,MIO SPORTY
TSMP,PULLEY SET,CVT,,ADV 150
TSMP,CLUTCH AND BELL,CVT,,"NMAX, AEROX"
TSMP,CLUTCH AND BELL,CVT,,CLICK
TSMP,CLUTCH SHOE,CVT,CLUTCH SHOE,"NMAX, AEROX"
TSMP,CENTER SPRING 1000 RPM,CVT,CENTER SPRING,"NMAX, AEROX, M3"
TSMP,CENTER SPRING 1200 RPM,CVT,CENTER SPRING,"NMAX, AEROX, M3"
TSMP,CENTER SPRING 1500 RPM,CVT,CENTER SPRING,"NMAX, AEROX, M3"
TSMP,CENTER SPRING 2000 RPM,CVT,CENTER SPRING,"NMAX, AEROX, M3"
TSMP,CENTER SPRING 1000 RPM,CVT,CENTER SPRING,CLICK
TSMP,CENTER SPRING 1200 RPM,CVT,CENTER SPRING,CLICK
TSMP,CENTER SPRING 1500 RPM,CVT,CENTER SPRING,CLICK
TSMP,CLUTCH SPRING 1000 RPM,CVT,CLUTCH SPRING,UNIVERSAL
TSMP,CLUTCH SPRING 1200 RPM,CVT,CLUTCH SPRING,UNIVERSAL
TSMP,CLUTCH SPRING 1500 RPM,CVT,CLUTCH SPRING,UNIVERSAL
TSMP,CLUTCH SPRING 2200 RPM,CVT,CLUTCH SPRING,UNIVERSAL
TSMP,FLYBALL 8G,CVT,FLYBALL,NMAX
TSMP,FLYBALL 9G,CVT,FLYBALL,NMAX
TSMP,FLYBALL 10G,CVT,FLYBALL,NMAX
TSMP,FLYBALL 11G,CVT,FLYBALL,NMAX
TSMP,FLYBALL 12G,CVT,FLYBALL,NMAX
TSMP,FLYBALL 13G,CVT,FLYBALL,NMAX
TSMP,FLYBALL 14G,CVT,FLYBALL,NMAX
TSMP,FLYBALL 15G,CVT,FLYBALL,NMAX
TSMP,FLYBALL 9G,CVT,FLYBALL,CLICK
TSMP,FLYBALL 10G,CVT,FLYBALL,CLICK
TSMP,FLYBALL 11G,CVT,FLYBALL,CLICK
TSMP,FLYBALL 12G,CVT,FLYBALL,CLICK
TSMP,FLYBALL 13G,CVT,FLYBALL,CLICK
TSMP,FLYBALL 14G,CVT,FLYBALL,CLICK
TSMP,FLYBALL 15G,CVT,FLYBALL,CLICK
TSMP,FLYBALL 16G,CVT,FLYBALL,CLICK
TSMP,TORQUE DRIVE,CVT,TORQUE DRIVE,"NMAX, AEROX"
TSMP,TORQUE DRIVE,CVT,TORQUE DRIVE,CLICK 125
TSMP,TORQUE DRIVE,CVT,TORQUE DRIVE,M3
TSMP,TORQUE DRIVE,CVT,TORQUE DRIVE,MIO SPORTY
JVT,PULLEY SET,CVT,PULLEY SET,"NMAX, AEROX"
JVT,PULLEY SET,CVT,PULLEY SET,BEAT
JVT,PULLEY SET,CVT,PULLEY SET,M3
JVT,PULLEY SET,CVT,PULLEY SET,CLICK 125
JVT,PULLEY SET,CVT,PULLEY SET,PCX 160
JVT,CLUTCH ASSY,CVT,CLUTCH ASSEMBLY,NMAX
JVT,CLUTCH ASSY,CVT,CLUTCH ASSEMBLY,M3
JVT,CLUTCH ASSY,CVT,CLUTCH ASSEMBLY,CLICK
JVT,CLUTCH ASSY,CVT,CLUTCH ASSEMBLY,SPORTY
JVT,CLUTCH ASSY,CVT,CLUTCH ASSEMBLY,BEAT
JVT,BELL,CVT,BELL,"NMAX, AEROX"
JVT,BELL,CVT,BELL,M3
JVT,BELL,CVT,BELL,CLICK
JVT,BELL,CVT,BELL,SPORTY
JVT,BELL,CVT,BELL,BEAT
JVT,CENTER SPRING 1000 RPM,CVT,CENTER SPRING,NMAX
JVT,CENTER SPRING 1200 RPM,CVT,CENTER SPRING,NMAX
JVT,CENTER SPRING 1500 RPM,CVT,CENTER SPRING,NMAX
JVT,CENTER SPRING 1000 RPM,CVT,CENTER SPRING,CLICK
JVT,CENTER SPRING 1200 RPM,CVT,CENTER SPRING,CLICK
JVT,CENTER SPRING 1500 RPM,CVT,CENTER SPRING,CLICK
JVT,CLUTCH SPRING 1000 RPM,CVT,CLUTCH SPRING,UNIVERSAL
JVT,CLUTCH SPRING 1200 RPM,CVT,CLUTCH SPRING,UNIVERSAL
JVT,CLUTCH SPRING 1500 RPM,CVT,CLUTCH SPRING,UNIVERSAL
JVT,FLYBALL 8G,CVT,FLYBALL,NMAX
JVT,FLYBALL 9G,CVT,FLYBALL,NMAX
JVT,FLYBALL 10G,CVT,FLYBALL,NMAX
JVT,FLYBALL 11G,CVT,FLYBALL,NMAX
JVT,FLYBALL 12G,CVT,FLYBALL,NMAX
JVT,FLYBALL 13G,CVT,FLYBALL,NMAX
JVT,FLYBALL 14G,CVT,FLYBALL,NMAX
JVT,FLYBALL 15G,CVT,FLYBALL,NMAX
JVT,FLYBALL 9G,CVT,FLYBALL,CLICK
JVT,FLYBALL 10G,CVT,FLYBALL,CLICK
JVT,FLYBALL 11G,CVT,FLYBALL,CLICK
JVT,FLYBALL 12G,CVT,FLYBALL,CLICK
JVT,FLYBALL 13G,CVT,FLYBALL,CLICK
JVT,FLYBALL 14G,CVT,FLYBALL,CLICK
JVT,FLYBALL 15G,CVT,FLYBALL,CLICK
JVT,FLYBALL 16G,CVT,FLYBALL,CLICK
JVT,TORQUE DRIVE,CVT,TORQUE DRIVE,"NMAX, AEROX"
JVT,TORQUE DRIVE,CVT,TORQUE DRIVE,M3
JVT,TORQUE DRIVE,CVT,TORQUE DRIVE,CLICK
JVT,TORQUE DRIVE,CVT,TORQUE DRIVE,PCX
JVT,SLIDER PIECE,CVT,SLIDER PIECE,UNIVERSAL
HIRC,PULLEY SET,CVT,PULLEY SET,"NMAX, AEROX"
HIRC,PULLEY SET,CVT,PULLEY SET,M3
HIRC,PULLEY SET,CVT,PULLEY SET,CLICK
HIRC,BELL,CVT,BELL,"NMAX, AEROX"
HIRC,BELL,CVT,BELL,M3
HIRC,BELL,CVT,BELL,CLICK
HIRC,BELL,CVT,BELL,SPORTY
HIRC,CENTER SPRING 1000 RPM,CVT,CENTER SPRING,NMAX
HIRC,CENTER SPRING 1200 RPM,CVT,CENTER SPRING,NMAX
HIRC,CENTER SPRING 1500 RPM,CVT,CENTER SPRING,NMAX
HIRC,CENTER SPRING 1000 RPM,CVT,CENTER SPRING,CLICK
HIRC,CENTER SPRING 1200 RPM,CVT,CENTER SPRING,CLICK
HIRC,CENTER SPRING 1500 RPM,CVT,CENTER SPRING,CLICK
HIRC,CLUTCH SPRING 1000 RPM,CVT,CLUTCH SPRING,UNIVERSAL
HIRC,CLUTCH SPRING 1200 RPM,CVT,CLUTCH SPRING,UNIVERSAL
HIRC,CLUTCH SPRING 1500 RPM,CVT,CLUTCH SPRING,UNIVERSAL
HIRC,SLIDER PIECE,CVT,SLIDER PIECE,UNIVERSAL
HIRC,CLUTCH SHOE,CVT,CLUTCH SHOE,UNIVERSAL
HIRC,CLUTCH ASSY,CVT,CLUTCH ASSEMBLY,"NMAX, AEROX"
HIRC,CLUTCH ASSY,CVT,CLUTCH ASSEMBLY,M3
HIRC,FLYBALL 8G,CVT,FLYBALL,NMAX
HIRC,FLYBALL 9G,CVT,FLYBALL,NMAX
HIRC,FLYBALL 10G,CVT,FLYBALL,NMAX
HIRC,FLYBALL 11G,CVT,FLYBALL,NMAX
HIRC,FLYBALL 12G,CVT,FLYBALL,NMAX
HIRC,FLYBALL 13G,CVT,FLYBALL,NMAX
HIRC,FLYBALL 14G,CVT,FLYBALL,NMAX
HIRC,FLYBALL 15G,CVT,FLYBALL,NMAX
HIRC,FLYBALL 9G,CVT,FLYBALL,CLICK
HIRC,FLYBALL 10G,CVT,FLYBALL,CLICK
HIRC,FLYBALL 11G,CVT,FLYBALL,CLICK
HIRC,FLYBALL 12G,CVT,FLYBALL,CLICK
HIRC,FLYBALL 13G,CVT,FLYBALL,CLICK
HIRC,FLYBALL 14G,CVT,FLYBALL,CLICK
HIRC,FLYBALL 15G,CVT,FLYBALL,CLICK
HIRC,FLYBALL 16G,CVT,FLYBALL,CLICK
GRACING,PULLEY SET,CVT,PULLEY SET,PCX 160
GRACING,PULLEY SET,CVT,PULLEY SET,"CLICK, ADV"
GRACING,BELL,CVT,BELL,PCX 160
GRACING,BELL,CVT,BELL,"CLICK, ADV"
GRACING,CLUTCH ASSY,CVT,CLUTCH ASSEMBLY,PCX 160
GRACING,CLUTCH ASSY,CVT,CLUTCH ASSEMBLY,"CLICK, ADV"
JVT,SUPER HEAD NMAX AEROX 26/23 MM,Engine Performance,CYLINDER HEAD,"NMAX, AEROX"
JVT,BLOCK NMAX/AEROX 66MM,Engine Performance,CYLINDER BLOCK,"NMAX, AEROX"
JVT,BLOCK NMAX/AEROX 63MM,Engine Performance,CYLINDER BLOCK,"NMAX, AEROX"
JVT,BLOCK M3 59MM CB,Engine Performance,CYLINDER BLOCK,M3
JVT,BLOCK M3 59MM 3B,Engine Performance,CYLINDER BLOCK,M3
JVT,BLOCK MIO 59MM,Engine Performance,CYLINDER BLOCK,MIO
JVT,BLOCK RF1 62MM CB,Engine Performance,CYLINDER BLOCK,RF1
JVT,CAMSHAFT MIO J20,Engine Performance,CAMSHAFT,MIO
TSMP,HEAD COVER BLACK,Engine Performance,HEAD COVER,UNIVERSAL
TSMP,HEAD COVER SILVER,Engine Performance,HEAD COVER,UNIVERSAL
TSMP,NMAX/AEROX BLOCK 63MM,Engine Performance,CYLINDER BLOCK,"NMAX, AEROX"
TSMP,NMAX/AEROX BLOCK 66MM,Engine Performance,CYLINDER BLOCK,"NMAX, AEROX"
TSMP,NMAX/AEROX BLOCK 66MM LONG SLEEVE,Engine Performance,CYLINDER BLOCK,"NMAX, AEROX"
TSMP,MIO BLOCK 63MM,Engine Performance,CYLINDER BLOCK,MIO
TSMP,CRANKSHAFT +4 NMAX V1,Engine Performance,CRANKSHAFT,NMAX V1
TSMP,TB NMAX V2 32MM,Engine Performance,THROTTLE BODY,NMAX V2
TSMP,TB NMAX V2 34MM,Engine Performance,THROTTLE BODY,NMAX V2
TSMP,TB NMAX V2 36MM,Engine Performance,THROTTLE BODY,NMAX V2
TSMP,TB NMAX V2 38MM,Engine Performance,THROTTLE BODY,NMAX V2
TSMP,TB NMAX V2 40MM,Engine Performance,THROTTLE BODY,NMAX V2
TSMP,TB NMAX V1 32MM,Engine Performance,THROTTLE BODY,NMAX V1
TSMP,TB AEROX V1 32MM,Engine Performance,THROTTLE BODY,AEROX V1
TSMP,TB AEROX V1 34MM,Engine Performance,THROTTLE BODY,AEROX V1
MTRT,NMAX/AEROX BLOCK 63.5MM,Engine Performance,CYLINDER BLOCK,"NMAX, AEROX"
MTRT,NMAX/AEROX BLOCK 66 MM,Engine Performance,CYLINDER BLOCK,"NMAX, AEROX"
MTRT,HEAD NMAX 20/23,Engine Performance,CYLINDER HEAD,NMAX
MTRT,HEAD NMAX 24/20,Engine Performance,CYLINDER HEAD,NMAX
MTRT,HEAD NMAX 25/21,Engine Performance,CYLINDER HEAD,NMAX
MTRT,HEAD NMAX 19/21,Engine Performance,CYLINDER HEAD,NMAX
MTRT,HEAD MIO 30.5/25,Engine Performance,CYLINDER HEAD,MIO
MTRT,HEAD MIO 29.5/25,Engine Performance,CYLINDER HEAD,MIO
MTRT,TB M3 28MM,Engine Performance,THROTTLE BODY,M3
MTRT,TB M3 32MM,Engine Performance,THROTTLE BODY,M3
MTRT,TB M3 34MM,Engine Performance,THROTTLE BODY,M3
MTRT,TB SNIPER 34MM,Engine Performance,THROTTLE BODY,SNIPER
MTRT,TB SNIPER 36MM,Engine Performance,THROTTLE BODY,SNIPER
TRF,CRANKSHAFT +3,Engine Performance,CRANKSHAFT,UNIVERSAL
TRF,CRANKSHAFT +4,Engine Performance,CRANKSHAFT,UNIVERSAL
TRF,CRANKSHAFT +6,Engine Performance,CRANKSHAFT,UNIVERSAL
TRF,CRANKSHAFT +9,Engine Performance,CRANKSHAFT,UNIVERSAL
TRF,CRANKSHAFT +12,Engine Performance,CRANKSHAFT,UNIVERSAL
YOLAC,CAMSHAFT NMAX V1,Engine Performance,CAMSHAFT,NMAX V1
YOLAC,CAMSHAFT MIO,Engine Performance,CAMSHAFT,MIO
GRACING,CAMSHAFT MIO 6.8,Engine Performance,CAMSHAFT,MIO
GRACING,CAMSHAFT NMAX S1,Engine Performance,CAMSHAFT,NMAX
GRACING,CAMSHAFT NMAX S2,Engine Performance,CAMSHAFT,NMAX
CRP,CAMSHAFT NMAX S1,Engine Performance,CAMSHAFT,NMAX
CRP,CAMSHAFT NMAX S2,Engine Performance,CAMSHAFT,NMAX
BWIN,CAMSHAFT CLICK S1,Engine Performance,CAMSHAFT,CLICK
MTRT,CAMSHAFT CLICK S1,Engine Performance,CAMSHAFT,CLICK
MTRT,CAMSHAFT CLICK S2,Engine Performance,CAMSHAFT,CLICK
MTRT,CAMSHAFT M3 S1,Engine Performance,CAMSHAFT,M3
MTRT,CAMSHAFT M3 S2,Engine Performance,CAMSHAFT,M3
RS8/SRF,SUPER HEAD NMAX 26/23,Engine Performance,CYLINDER HEAD,NMAX
RS8/SRF,NMAX BLOCK 66 MM,Engine Performance,CYLINDER BLOCK,NMAX
RS8/SRF,NMAX BLOCK 69 MM,Engine Performance,CYLINDER BLOCK,NMAX
RS8/SRF,NMAX BLOCK 72 MM,Engine Performance,CYLINDER BLOCK,NMAX
RS8/SRF,NMAX BLOCK 62 MM,Engine Performance,CYLINDER BLOCK,NMAX
RS8/SRF,NMAX BLOCK 65MM,Engine Performance,CYLINDER BLOCK,NMAX
RS8/SRF,M3 59MM CB,Engine Performance,CYLINDER BLOCK,M3
RS8/SRF,CLICK 56 MM CB,Engine Performance,CYLINDER BLOCK,CLICK
RS8/SRF,TB NMAX V2 32MM,Engine Performance,THROTTLE BODY,NMAX V2
RS8/SRF,TB NMAX V2 34MM,Engine Performance,THROTTLE BODY,NMAX V2
RS8/SRF,TB NMAX V2 36MM,Engine Performance,THROTTLE BODY,NMAX V2
RS8/SRF,TB NMAX V2 38MM,Engine Performance,THROTTLE BODY,NMAX V2
RS8/SRF,TB NMAX V2 40MM,Engine Performance,THROTTLE BODY,NMAX V2
RS8/SRF,TB NMAX V1 32MM,Engine Performance,THROTTLE BODY,NMAX V1
RS8/SRF,TB AEROX V1 32MM,Engine Performance,THROTTLE BODY,AEROX V1
RS8/SRF,TB AEROX V1 34MM,Engine Performance,THROTTLE BODY,AEROX V1
RS8/SRF,TB AEROX V1 36MM,Engine Performance,THROTTLE BODY,AEROX V1
RS8/SRF,TB CLICK 125 32MM,Engine Performance,THROTTLE BODY,CLICK 125
RS8/SRF,TB CLICK 125 34MM,Engine Performance,THROTTLE BODY,CLICK 125
RS8/SRF,TB PCX 160 34MM,Engine Performance,THROTTLE BODY,PCX 160
RS8/SRF,TB NMAX V2 36MM DOWN DRAFT,Engine Performance,THROTTLE BODY,NMAX V2
AGC,M3 59MM SB,Engine Performance,CYLINDER BLOCK,M3
AGC,MIO 59MM SB,Engine Performance,CYLINDER BLOCK,MIO
PITSBIKE,CLICK 150 62MM SB,Engine Performance,CYLINDER BLOCK,CLICK 150
PITSBIKE,RFI 62MM,Engine Performance,CYLINDER BLOCK,RFI
VORMAX,CRANKSHAFT M3,Engine Performance,CRANKSHAFT,M3
VORMAX,CRANKSHAFT MIO,Engine Performance,CRANKSHAFT,MIO
VORMAX,CRANKSHAFT BEAT,Engine Performance,CRANKSHAFT,BEAT
YAMAHA,FUEL INJECTOR 130CC,Engine Performance,FUEL INJECTOR,YAMAHA 130CC
YAMAHA,FUEL INJECTOR 140CC,Engine Performance,FUEL INJECTOR,YAMAHA 140CC
YAMAHA,FUEL INJECTOR 145CC,Engine Performance,FUEL INJECTOR,YAMAHA 145CC
YAMAHA,FUEL INJECTOR 150CC,Engine Performance,FUEL INJECTOR,YAMAHA 150CC
YAMAHA,FUEL INJECTOR 160CC,Engine Performance,FUEL INJECTOR,YAMAHA 160CC
YAMAHA,FUEL INJECTOR 170CC,Engine Performance,FUEL INJECTOR,YAMAHA 170CC
YAMAHA,FUEL INJECTOR 180CC,Engine Performance,FUEL INJECTOR,YAMAHA 180CC
YAMAHA,FUEL INJECTOR 190CC,Engine Performance,FUEL INJECTOR,YAMAHA 190CC
YAMAHA,FUEL INJECTOR 200CC,Engine Performance,FUEL INJECTOR,YAMAHA 200CC
YAMAHA,FUEL INJECTOR 210CC,Engine Performance,FUEL INJECTOR,YAMAHA 210CC
YAMAHA,FUEL INJECTOR 220CC,Engine Performance,FUEL INJECTOR,YAMAHA 220CC
YAMAHA,FUEL INJECTOR 240CC,Engine Performance,FUEL INJECTOR,YAMAHA 240CC
YAMAHA,FUEL INJECTOR 300CC,Engine Performance,FUEL INJECTOR,YAMAHA 300CC
AGC,FUEL INJECTOR 135CC,Engine Performance,FUEL INJECTOR,HONDA 135CC
HONDA,FUEL INJECTOR 140CC,Engine Performance,FUEL INJECTOR,HONDA 140CC
HONDA,FUEL INJECTOR 145CC,Engine Performance,FUEL INJECTOR,HONDA 145CC
HONDA,FUEL INJECTOR 150CC,Engine Performance,FUEL INJECTOR,HONDA 150CC
HONDA,FUEL INJECTOR 160CC,Engine Performance,FUEL INJECTOR,HONDA 160CC
HONDA,FUEL INJECTOR 170CC,Engine Performance,FUEL INJECTOR,HONDA 170CC
HONDA,FUEL INJECTOR 180CC,Engine Performance,FUEL INJECTOR,HONDA 180CC
HONDA,FUEL INJECTOR 190CC,Engine Performance,FUEL INJECTOR,HONDA 190CC
HONDA,FUEL INJECTOR 200CC,Engine Performance,FUEL INJECTOR,HONDA 200CC
HONDA,FUEL INJECTOR 210CC,Engine Performance,FUEL INJECTOR,HONDA 210CC
HONDA,FUEL INJECTOR 220CC,Engine Performance,FUEL INJECTOR,HONDA 220CC
HONDA,FUEL INJECTOR 240CC,Engine Performance,FUEL INJECTOR,HONDA 240CC
JVT,NMAX/AEROX V2 STEEL V3,Exhaust System,EXHAUST PIPE,"NMAX, AEROX V2"
JVT,NMAX V1 STEEL V3,Exhaust System,EXHAUST PIPE,NMAX V1
JVT,AEROX V1 STEEL V3,Exhaust System,EXHAUST PIPE,AEROX V1
JVT,NMAX/AEROX V2 SHARKTIP TITANIUM,Exhaust System,EXHAUST PIPE,"NMAX, AEROX V2"
JVT,AEROX V1 TEARDROP,Exhaust System,EXHAUST PIPE,AEROX V1
JVT,NMAX V1 2.4,Exhaust System,EXHAUST PIPE,NMAX V1
JVT,AEROX V1 2.4,Exhaust System,EXHAUST PIPE,AEROX V1
JVT,NMAX V1 TITANIUM V3,Exhaust System,EXHAUST PIPE,NMAX V1
JVT,AEROX V1 TITANIUM V3,Exhaust System,EXHAUST PIPE,AEROX V1
JVT,PCX 160 V3,Exhaust System,EXHAUST PIPE,PCX 160
JVT,CLICK 125 V3,Exhaust System,EXHAUST PIPE,CLICK 125
JVT,M3 V3,Exhaust System,EXHAUST PIPE,M3
JVT,SPORTY V3,Exhaust System,EXHAUST PIPE,SPORTY
JVT,SPORTY V4,Exhaust System,EXHAUST PIPE,SPORTY
JVT,ADV 150 V3,Exhaust System,EXHAUST PIPE,ADV 150
JVT,SNIPER 150 V3,Exhaust System,EXHAUST PIPE,SNIPER 150
SUN POWER,CLICK 125 V3,Exhaust System,EXHAUST PIPE,CLICK 125
SUN POWER,CLICK 125 SK,Exhaust System,EXHAUST PIPE,CLICK 125
SUN POWER,NMAX/AEROX V3,Exhaust System,EXHAUST PIPE,"NMAX, AEROX"
GRACING,232CC EXHAUST,Exhaust System,EXHAUST PIPE,232CC ENGINE
GRACING,185CC EXHAUST,Exhaust System,EXHAUST PIPE,185CC ENGINE
TSMP,NMAX/AEROX S4,Exhaust System,EXHAUST PIPE,"NMAX, AEROX"
MVR,SNIPER 155 EXHAUST,Exhaust System,EXHAUST PIPE,SNIPER 155
KUO,NMAX/AEROX EXHAUST,Exhaust System,EXHAUST PIPE,"NMAX, AEROX"
SGP,RFI EXHAUST,Exhaust System,EXHAUST PIPE,RFI
JVT,NMAX HEADER PIPE,Exhaust System,EXHAUST HEADER,NMAX
JVT,AEROX HEADER PIPE,Exhaust System,EXHAUST HEADER,AEROX
JVT,CLICK 125 HEADER PIPE,Exhaust System,EXHAUST HEADER,CLICK 125
JVT,PCX 160 HEADER PIPE,Exhaust System,EXHAUST HEADER,PCX 160
TSMP,NMAX/AEROX HEADER,Exhaust System,EXHAUST HEADER,"NMAX, AEROX"
SUN POWER,UNIVERSAL HEADER,Exhaust System,EXHAUST HEADER,UNIVERSAL
JVT,STEEL MUFFLER V3,Exhaust System,MUFFLER,UNIVERSAL
JVT,TITANIUM MUFFLER V3,Exhaust System,MUFFLER,UNIVERSAL
JVT,CARBON FIBER MUFFLER,Exhaust System,MUFFLER,UNIVERSAL
SUN POWER,ROUND MUFFLER,Exhaust System,MUFFLER,UNIVERSAL
SUN POWER,OVAL MUFFLER,Exhaust System,MUFFLER,UNIVERSAL
GRACING,PERFORMANCE MUFFLER,Exhaust System,MUFFLER,UNIVERSAL
TSMP,RACING MUFFLER,Exhaust System,MUFFLER,UNIVERSAL
JVT,SHARKTIP TIP,Exhaust System,EXHAUST TIP,UNIVERSAL
JVT,TEARDROP TIP,Exhaust System,EXHAUST TIP,UNIVERSAL
JVT,ROUND TIP,Exhaust System,EXHAUST TIP,UNIVERSAL
JVT,OVAL TIP,Exhaust System,EXHAUST TIP,UNIVERSAL
SUN POWER,CHROME TIP,Exhaust System,EXHAUST TIP,UNIVERSAL
SUN POWER,BLACK TIP,Exhaust System,EXHAUST TIP,UNIVERSAL
JVT,EXHAUST GASKET SET,Exhaust System,EXHAUST GASKET,"NMAX, AEROX"
JVT,EXHAUST SPRING SET,Exhaust System,EXHAUST SPRING,UNIVERSAL
JVT,EXHAUST CLAMP SET,Exhaust System,EXHAUST CLAMP,UNIVERSAL
SUN POWER,EXHAUST GASKET NMAX,Exhaust System,EXHAUST GASKET,NMAX
SUN POWER,EXHAUST GASKET CLICK,Exhaust System,EXHAUST GASKET,CLICK
TSMP,EXHAUST BOLT SET,Exhaust System,EXHAUST BOLT,UNIVERSAL
TSMP,EXHAUST WASHER SET,Exhaust System,EXHAUST WASHER,UNIVERSAL
JVT,NMAX RACING FULL SYSTEM,Exhaust System,RACING EXHAUST,NMAX
JVT,AEROX RACING FULL SYSTEM,Exhaust System,RACING EXHAUST,AEROX
JVT,CLICK RACING FULL SYSTEM,Exhaust System,RACING EXHAUST,CLICK
GRACING,NMAX COMPETITION EXHAUST,Exhaust System,RACING EXHAUST,NMAX
TSMP,AEROX TRACK EXHAUST,Exhaust System,RACING EXHAUST,AEROX
JVT,PCX TOURING EXHAUST,Exhaust System,TOURING EXHAUST,PCX 160
JVT,ADV TOURING EXHAUST,Exhaust System,TOURING EXHAUST,ADV 150
SUN POWER,CLICK TOURING SYSTEM,Exhaust System,TOURING EXHAUST,CLICK 125
KUO,CUSTOM NMAX EXHAUST,Exhaust System,CUSTOM EXHAUST,NMAX
KUO,CUSTOM AEROX EXHAUST,Exhaust System,CUSTOM EXHAUST,AEROX
MVR,CUSTOM SNIPER SYSTEM,Exhaust System,CUSTOM EXHAUST,SNIPER
SGP,CUSTOM RFI SYSTEM,Exhaust System,CUSTOM EXHAUST,RFI
BEASTIRE,TIRE 140-70 14,Tires,MOTORCYCLE TIRE,UNIVERSAL
BEASTIRE,TIRE 130-70 14,Tires,MOTORCYCLE TIRE,UNIVERSAL
BEASTIRE,TIRE 120-70 14,Tires,MOTORCYCLE TIRE,UNIVERSAL
BEASTIRE,TIRE 110-70 14,Tires,MOTORCYCLE TIRE,UNIVERSAL
BEASTIRE,TIRE 110-80 14,Tires,MOTORCYCLE TIRE,UNIVERSAL
BEASTIRE,TIRE 110-80 13,Tires,MOTORCYCLE TIRE,UNIVERSAL
BEASTIRE,TIRE 130-70 13,Tires,MOTORCYCLE TIRE,UNIVERSAL
BEASTIRE,TIRE 100-80 14,Tires,MOTORCYCLE TIRE,UNIVERSAL
BEASTIRE,TIRE 90-90 14,Tires,MOTORCYCLE TIRE,UNIVERSAL
BEASTIRE,TIRE 90-80 14,Tires,MOTORCYCLE TIRE,UNIVERSAL
BEASTIRE,TIRE 80-90 14,Tires,MOTORCYCLE TIRE,UNIVERSAL
BEASTIRE,TIRE 80-80 14,Tires,MOTORCYCLE TIRE,UNIVERSAL
BEASTIRE,TIRE 70-80 14,Tires,MOTORCYCLE TIRE,UNIVERSAL
BEASTIRE,TIRE 60-80 14,Tires,MOTORCYCLE TIRE,UNIVERSAL
BEASTIRE,TIRE 140-70 17,Tires,MOTORCYCLE TIRE,UNIVERSAL
BEASTIRE,TIRE 130-70 17,Tires,MOTORCYCLE TIRE,UNIVERSAL
BEASTIRE,TIRE 120-70 17,Tires,MOTORCYCLE TIRE,UNIVERSAL
BEASTIRE,TIRE 110-70 17,Tires,MOTORCYCLE TIRE,UNIVERSAL
BEASTIRE,TIRE 100-70 17,Tires,MOTORCYCLE TIRE,UNIVERSAL
BEASTIRE,TIRE 90-90 17,Tires,MOTORCYCLE TIRE,UNIVERSAL
BEASTIRE,TIRE 90-80 17,Tires,MOTORCYCLE TIRE,UNIVERSAL
BEASTIRE,TIRE 80-90 17,Tires,MOTORCYCLE TIRE,UNIVERSAL
BEASTIRE,TIRE 80-80 17,Tires,MOTORCYCLE TIRE,UNIVERSAL
BEASTIRE,TIRE 70-90 17,Tires,MOTORCYCLE TIRE,UNIVERSAL
BEASTIRE,TIRE 60-80 17,Tires,MOTORCYCLE TIRE,UNIVERSAL
BEASTIRE,TIRE 110-70 13,Tires,MOTORCYCLE TIRE,UNIVERSAL
EUROGRIP,TIRE 70-90 14,Tires,MOTORCYCLE TIRE,UNIVERSAL
EUROGRIP,TIRE 140-70 14,Tires,MOTORCYCLE TIRE,UNIVERSAL
EUROGRIP,TIRE 130-70 14,Tires,MOTORCYCLE TIRE,UNIVERSAL
EUROGRIP,TIRE 120-70 14,Tires,MOTORCYCLE TIRE,UNIVERSAL
EUROGRIP,TIRE 110-70 14,Tires,MOTORCYCLE TIRE,UNIVERSAL
EUROGRIP,TIRE 110-80 14,Tires,MOTORCYCLE TIRE,UNIVERSAL
EUROGRIP,TIRE 100-80 14,Tires,MOTORCYCLE TIRE,UNIVERSAL
EUROGRIP,TIRE 100-70 14,Tires,MOTORCYCLE TIRE,UNIVERSAL
EUROGRIP,TIRE 130-70 13,Tires,MOTORCYCLE TIRE,UNIVERSAL
EUROGRIP,TIRE 110-70 13,Tires,MOTORCYCLE TIRE,UNIVERSAL
EUROGRIP,TIRE 90-90 14,Tires,MOTORCYCLE TIRE,UNIVERSAL
EUROGRIP,TIRE 90-80 14,Tires,MOTORCYCLE TIRE,UNIVERSAL
EUROGRIP,TIRE 80-80 14,Tires,MOTORCYCLE TIRE,UNIVERSAL
EUROGRIP,TIRE 80-90 14,Tires,MOTORCYCLE TIRE,UNIVERSAL
EUROGRIP,TIRE 120-70 13,Tires,MOTORCYCLE TIRE,UNIVERSAL
EUROGRIP,TIRE 140-70 17,Tires,MOTORCYCLE TIRE,UNIVERSAL
EUROGRIP,TIRE 130-70 17,Tires,MOTORCYCLE TIRE,UNIVERSAL
EUROGRIP,TIRE 120-70 17,Tires,MOTORCYCLE TIRE,UNIVERSAL
EUROGRIP,TIRE 110-70 17,Tires,MOTORCYCLE TIRE,UNIVERSAL
EUROGRIP,TIRE 100-70 17,Tires,MOTORCYCLE TIRE,UNIVERSAL
EUROGRIP,TIRE 90-90 17,Tires,MOTORCYCLE TIRE,UNIVERSAL
EUROGRIP,TIRE 80-90 17,Tires,MOTORCYCLE TIRE,UNIVERSAL
EUROGRIP,TIRE 70-90 17,Tires,MOTORCYCLE TIRE,UNIVERSAL
EUROGRIP,TIRE 60-80 17,Tires,MOTORCYCLE TIRE,UNIVERSAL
EUROGRIP,TIRE 120-70 15,Tires,MOTORCYCLE TIRE,UNIVERSAL
EUROGRIP,TIRE 150-70 14,Tires,MOTORCYCLE TIRE,UNIVERSAL
EUROGRIP,TIRE 160-70 17,Tires,MOTORCYCLE TIRE,UNIVERSAL
EUROGRIP,TIRE 100-80 17,Tires,MOTORCYCLE TIRE,UNIVERSAL
GRIPPER,TIRE 140-70 14,Tires,MOTORCYCLE TIRE,UNIVERSAL
GRIPPER,TIRE 130-70 13,Tires,MOTORCYCLE TIRE,UNIVERSAL
GRIPPER,TIRE 120-70 14,Tires,MOTORCYCLE TIRE,UNIVERSAL
GRIPPER,TIRE 120-80 13,Tires,MOTORCYCLE TIRE,UNIVERSAL
GRIPPER,TIRE 110-70 13,Tires,MOTORCYCLE TIRE,UNIVERSAL
GRIPPER,TIRE 100-80 14,Tires,MOTORCYCLE TIRE,UNIVERSAL
GRIPPER,TIRE 90-90 14,Tires,MOTORCYCLE TIRE,UNIVERSAL
GRIPPER,TIRE 90-80 14,Tires,MOTORCYCLE TIRE,UNIVERSAL
GRIPPER,TIRE 80-80 14,Tires,MOTORCYCLE TIRE,UNIVERSAL
GRIPPER,TIRE 60-80 14,Tires,MOTORCYCLE TIRE,UNIVERSAL
GRIPPER,TIRE 110-80 14,Tires,MOTORCYCLE TIRE,UNIVERSAL
GRIPPER,TIRE 100-90 12,Tires,MOTORCYCLE TIRE,UNIVERSAL
GRIPPER,TIRE 110-90 10,Tires,MOTORCYCLE TIRE,UNIVERSAL
CORSA,TIRE 130-70 13,Tires,MOTORCYCLE TIRE,UNIVERSAL
CORSA,TIRE 110-70 13,Tires,MOTORCYCLE TIRE,UNIVERSAL
QUICK TIRE,TIRE 100-80 14,Tires,MOTORCYCLE TIRE,UNIVERSAL
QUICK TIRE,TIRE 90-80 14,Tires,MOTORCYCLE TIRE,UNIVERSAL
QUICK TIRE,TIRE 80-80 14,Tires,MOTORCYCLE TIRE,UNIVERSAL
PIRELLI,TIRE 100-80 14,Tires,MOTORCYCLE TIRE,UNIVERSAL
PIRELLI,TIRE 90-90 14,Tires,MOTORCYCLE TIRE,UNIVERSAL
PIRELLI,TIRE 70-90 14,Tires,MOTORCYCLE TIRE,UNIVERSAL
PIRELLI,TIRE 80-90 17,Tires,MOTORCYCLE TIRE,UNIVERSAL
PIRELLI,TIRE 90-80 17,Tires,MOTORCYCLE TIRE,UNIVERSAL
ZENEOS,ZN62 140-70 14,Tires,MOTORCYCLE TIRE,UNIVERSAL
ZENEOS,ZN62 120-70 14,Tires,MOTORCYCLE TIRE,UNIVERSAL
ZENEOS,ZN62 110-80 14,Tires,MOTORCYCLE TIRE,UNIVERSAL
ZENEOS,ZN62 100-80 14,Tires,MOTORCYCLE TIRE,UNIVERSAL
ZENEOS,ZN62 90-80 14,Tires,MOTORCYCLE TIRE,UNIVERSAL
ZENEOS,ZN62 70-90 14,Tires,MOTORCYCLE TIRE,UNIVERSAL
ZENEOS,ZN62 130-70 17,Tires,MOTORCYCLE TIRE,UNIVERSAL
ZENEOS,ZN62 120-70 17,Tires,MOTORCYCLE TIRE,UNIVERSAL
ZENEOS,ZN62 110-70 17,Tires,MOTORCYCLE TIRE,UNIVERSAL
ZENEOS,ZN62 90-80 17,Tires,MOTORCYCLE TIRE,UNIVERSAL
ZENEOS,ZN62 80-90 17,Tires,MOTORCYCLE TIRE,UNIVERSAL
ZENEOS,ZN62 70-90 17,Tires,MOTORCYCLE TIRE,UNIVERSAL
ZENEOS,ZN62 80-80 14,Tires,MOTORCYCLE TIRE,UNIVERSAL
MAXXIS,TIRE 130-70 17,Tires,MOTORCYCLE TIRE,UNIVERSAL
MAXXIS,TIRE 90-80 17,Tires,MOTORCYCLE TIRE,UNIVERSAL
MAXXIS,TIRE 80-80 17,Tires,MOTORCYCLE TIRE,UNIVERSAL
MAXXIS,TIRE 70-80 17,Tires,MOTORCYCLE TIRE,UNIVERSAL
MAXXIS,TIRE 60-80 17,Tires,MOTORCYCLE TIRE,UNIVERSAL
MAXXIS,TIRE 100-80 17,Tires,MOTORCYCLE TIRE,UNIVERSAL
BOMX,STAR 14S NMAX V2 RED,Wheels,MAG WHEEL,NMAX V2
BOMX,STAR 14S NMAX V2 BLUE,Wheels,MAG WHEEL,NMAX V2
BOMX,STAR 14S NMAX V2 SILVER,Wheels,MAG WHEEL,NMAX V2
BOMX,STAR 14S NMAX V2 VIOLET,Wheels,MAG WHEEL,NMAX V2
BOMX,STAR 14S NMAX V2 BLACK,Wheels,MAG WHEEL,NMAX V2
BOMX,STAR 14S NMAX V2 GOLD,Wheels,MAG WHEEL,NMAX V2
BOMX,STAR 14S NMAX V1 RED,Wheels,MAG WHEEL,NMAX V1
BOMX,STAR 14S NMAX V1 BLUE,Wheels,MAG WHEEL,NMAX V1
BOMX,STAR 14S NMAX V1 SILVER,Wheels,MAG WHEEL,NMAX V1
BOMX,STAR 14S NMAX V1 VIOLET,Wheels,MAG WHEEL,NMAX V1
BOMX,STAR 14S NMAX V1 BLACK,Wheels,MAG WHEEL,NMAX V1
BOMX,STAR 14S NMAX V1 GOLD,Wheels,MAG WHEEL,NMAX V1
BOMX,STAR 13S NMAX V2 RED,Wheels,MAG WHEEL,NMAX V2
BOMX,STAR 13S NMAX V2 BLUE,Wheels,MAG WHEEL,NMAX V2
BOMX,STAR 13S NMAX V2 SILVER,Wheels,MAG WHEEL,NMAX V2
BOMX,STAR 13S NMAX V2 BLACK,Wheels,MAG WHEEL,NMAX V2
BOMX,STAR 13S NMAX V2 ORANGE,Wheels,MAG WHEEL,NMAX V2
BOMX,STAR 13S NMAX V2 VIOLET,Wheels,MAG WHEEL,NMAX V2
BOMX,DRACO 14S NMAX V2 SILVER,Wheels,MAG WHEEL,NMAX V2
BOMX,DRACO 14S NMAX V2 BLUE,Wheels,MAG WHEEL,NMAX V2
BOMX,DRACO 14S NMAX V2 RED,Wheels,MAG WHEEL,NMAX V2
BOMX,DRACO 14S NMAX V2 BLACK,Wheels,MAG WHEEL,NMAX V2
BOMX,STAR AEROX BLUE,Wheels,MAG WHEEL,AEROX
BOMX,STAR AEROX RED,Wheels,MAG WHEEL,AEROX
BOMX,STAR AEROX VIOLET,Wheels,MAG WHEEL,AEROX
BOMX,STAR AEROX GREY,Wheels,MAG WHEEL,AEROX
BOMX,STAR PCX 160 VIOLET,Wheels,MAG WHEEL,PCX 160
BOMX,STAR PCX 160 SILVER,Wheels,MAG WHEEL,PCX 160
BOMX,STAR CLICK 160 BLACK,Wheels,MAG WHEEL,CLICK 160
BOMX,LUNA BEAT RED,Wheels,MAG WHEEL,BEAT
BOMX,LUNA BEAT BLUE,Wheels,MAG WHEEL,BEAT
BOMX,LUNA BEAT RED VIOLET,Wheels,MAG WHEEL,BEAT
BOMX,STAR CLICK 125 RED,Wheels,MAG WHEEL,CLICK 125
BOMX,STAR CLICK 125 BLUE,Wheels,MAG WHEEL,CLICK 125
BOMX,STAR CLICK 125 SILVER,Wheels,MAG WHEEL,CLICK 125
BOMX,STAR CLICK 125 VIOLET,Wheels,MAG WHEEL,CLICK 125
BOMX,STAR CLICK 125 BLACK,Wheels,MAG WHEEL,CLICK 125
BOMX,STAR CLICK 125 GOLD,Wheels,MAG WHEEL,CLICK 125
BOMX,DRACO CLICK 125 RED,Wheels,MAG WHEEL,CLICK 125
BOMX,DRACO CLICK 125 BLUE,Wheels,MAG WHEEL,CLICK 125
BOMX,DRACO CLICK 125 SILVER,Wheels,MAG WHEEL,CLICK 125
BOMX,DRACO CLICK 125 VIOLET,Wheels,MAG WHEEL,CLICK 125
BOMX,LUNA CLICK 125 RED,Wheels,MAG WHEEL,CLICK 125
BOMX,LUNA CLICK 125 BLUE,Wheels,MAG WHEEL,CLICK 125
BOMX,LUNA CLICK 125 SILVER,Wheels,MAG WHEEL,CLICK 125
BOMX,LUNA CLICK 125 BLACK LUMINAR,Wheels,MAG WHEEL,CLICK 125
BOMX,1YC CLICK 125 RED,Wheels,MAG WHEEL,CLICK 125
BOMX,1YC CLICK 125 BLUE,Wheels,MAG WHEEL,CLICK 125
BOMX,1YC CLICK 125 SILVER,Wheels,MAG WHEEL,CLICK 125
BOMX,STAR M3 RED,Wheels,MAG WHEEL,M3
BOMX,STAR M3 BLUE,Wheels,MAG WHEEL,M3
BOMX,STAR M3 SILVER,Wheels,MAG WHEEL,M3
BOMX,STAR M3 VIOLET,Wheels,MAG WHEEL,M3
BOMX,STAR M3 GREY,Wheels,MAG WHEEL,M3
BOMX,STAR SPORTY RED,Wheels,MAG WHEEL,SPORTY
BOMX,STAR SPORTY BLUE,Wheels,MAG WHEEL,SPORTY
BOMX,STAR SPORTY SILVER,Wheels,MAG WHEEL,SPORTY
BOMX,STAR SPORTY VIOLET,Wheels,MAG WHEEL,SPORTY
BOMX,STAR SPORTY BLACK,Wheels,MAG WHEEL,SPORTY
BOMX,STAR SPORTY GOLD,Wheels,MAG WHEEL,SPORTY
BOMX,LUNA SPORTY VIOLET,Wheels,MAG WHEEL,SPORTY
BOMX,LUNA SPORTY BLACK,Wheels,MAG WHEEL,SPORTY
BOMX,LUNA SPORTY SILVER,Wheels,MAG WHEEL,SPORTY
BOMX,LUNA SPORTY BLUE,Wheels,MAG WHEEL,SPORTY
BOMX,LUNA SPORTY RED,Wheels,MAG WHEEL,SPORTY
BOMX,VELA SPORTY BLUE,Wheels,MAG WHEEL,SPORTY
BOMX,LUNA M3 RED,Wheels,MAG WHEEL,M3
BOMX,LUNA M3 GREY,Wheels,MAG WHEEL,M3
BOMX,LUNA M3 BLUE,Wheels,MAG WHEEL,M3
BOMX,LUNA M3 VIOLET,Wheels,MAG WHEEL,M3
BOMX,LUNA M3 BLACK,Wheels,MAG WHEEL,M3
BOMX,1YC SPORTY RED,Wheels,MAG WHEEL,SPORTY
BOMX,1YC SPORTY SILVER,Wheels,MAG WHEEL,SPORTY
BOMX,1YC SPORTY BLUE,Wheels,MAG WHEEL,SPORTY
BOMX,1YC CLICK RED,Wheels,MAG WHEEL,CLICK
BOMX,1YC CLICK SILVER,Wheels,MAG WHEEL,CLICK
BOMX,SABER SILVER,Wheels,RIM,UNIVERSAL
BOMX,SABER BLUE,Wheels,RIM,UNIVERSAL
BOMX,SABER VIOLET,Wheels,RIM,UNIVERSAL
BOMX,SABER RED,Wheels,RIM,UNIVERSAL
PROF RIMS,PROF RIM BLACK,Wheels,RIM,UNIVERSAL
PROF RIMS,PROF RIM SILVER,Wheels,RIM,UNIVERSAL
PROF RIMS,PROF RIM GOLD,Wheels,RIM,UNIVERSAL
PROF RIMS,PROF RIM RED,Wheels,RIM,UNIVERSAL
PROF RIMS,PROF RIM VIOLET,Wheels,RIM,UNIVERSAL
PROF RIMS,PROF RIM LIME GREEN,Wheels,RIM,UNIVERSAL
PROF RIMS,PROF RIM SKY BLUE,Wheels,RIM,UNIVERSAL
PROF RIMS,PROF RIM BLUE,Wheels,RIM,UNIVERSAL
RCB,SP 800 NMAX BRONZE,Wheels,MAG WHEEL,NMAX
RCB,SP 800 NMAX BLACK,Wheels,MAG WHEEL,NMAX
RCB,SP 800 NMAX WHITE,Wheels,MAG WHEEL,NMAX
RCB,SP 500 NMAX BRONZE,Wheels,MAG WHEEL,NMAX
RCB,SP 500 NMAX BLACK,Wheels,MAG WHEEL,NMAX
RCB,SP 500 NMAX WHITE,Wheels,MAG WHEEL,NMAX
RCB,SP 500 AEROX WHITE,Wheels,MAG WHEEL,AEROX
RCB,SP 500 AEROX BLACK,Wheels,MAG WHEEL,AEROX
RCB,SP 500 AEROX BRONZE,Wheels,MAG WHEEL,AEROX
MOTUL,POWER LE 5W30 SCOOTER 1L,Lubricants,ENGINE OIL,SCOOTER
SHELL,RIMULA 3 AX7 1L,Lubricants,ENGINE OIL,UNIVERSAL
SHELL,AX7 800ML,Lubricants,ENGINE OIL,UNIVERSAL
SHELL,AX7 320ML,Lubricants,ENGINE OIL,UNIVERSAL
SHELL,GEAR OIL,Lubricants,GEAR OIL,UNIVERSAL
YAMALUBE,BLUE CORE,Lubricants,ENGINE OIL,YAMAHA
YAMALUBE,MT 20W-50 1L,Lubricants,ENGINE OIL,YAMAHA
YAMALUBE,AT 20W-50 1L,Lubricants,ENGINE OIL,YAMAHA
YAMALUBE,MT 20W-50 800ML,Lubricants,ENGINE OIL,YAMAHA
YAMALUBE,GEAR OIL,Lubricants,GEAR OIL,YAMAHA
ENEOS,SAE 40,Lubricants,ENGINE OIL,UNIVERSAL
ENEOS,SAE 20W-50 1L,Lubricants,ENGINE OIL,UNIVERSAL
ENEOS,SCOOTER OIL,Lubricants,ENGINE OIL,SCOOTER
ENEOS,DIESEL OIL 15W-40 1L,Lubricants,ENGINE OIL,DIESEL
ZIC,M9 4T 1L,Lubricants,ENGINE OIL,UNIVERSAL
ZIC,M9 4AT 1L,Lubricants,ENGINE OIL,UNIVERSAL
ZIC,GEAR OIL,Lubricants,GEAR OIL,UNIVERSAL
CASTROL,ACTIVE 20W-40 800ML,Lubricants,ENGINE OIL,UNIVERSAL
CASTROL,ACTIVE 20W-40 1L,Lubricants,ENGINE OIL,UNIVERSAL
CASTROL,POWER SCOOTER 1L,Lubricants,ENGINE OIL,SCOOTER
CASTROL,ACTIV ESSENTIAL 1L,Lubricants,ENGINE OIL,UNIVERSAL
TRIDEMITSU,15W-40 1L,Lubricants,ENGINE OIL,UNIVERSAL
GRACING,OIL,Lubricants,ENGINE OIL,UNIVERSAL
PETRON,SPRINT 2T,Lubricants,ENGINE OIL,2-STROKE
PETRON,SCOOTER OIL,Lubricants,ENGINE OIL,SCOOTER
PETRON,REVX,Lubricants,ENGINE OIL,UNIVERSAL
PETRON,SAE 10W-40,Lubricants,ENGINE OIL,UNIVERSAL
PETRON,TOP UP,Lubricants,ENGINE OIL,UNIVERSAL
ZENO,SCOOTER 1L,Lubricants,ENGINE OIL,SCOOTER
ZENO,CLUTCH OIL,Lubricants,CLUTCH OIL,UNIVERSAL
RS8,ECOLINE 2T,Lubricants,ENGINE OIL,2-STROKE
RS8,SYNTHETIC,Lubricants,ENGINE OIL,UNIVERSAL
RS8,NANOMOLY,Lubricants,ENGINE OIL,UNIVERSAL
HAVOLINE,EZY 4T,Lubricants,ENGINE OIL,UNIVERSAL
HONDA,BLUE,Lubricants,ENGINE OIL,HONDA
HONDA,RED GOLD,Lubricants,ENGINE OIL,HONDA
NATIONAL,GEAR OIL,Lubricants,GEAR OIL,UNIVERSAL
NATIONAL,SYNTHETIC,Lubricants,ENGINE OIL,UNIVERSAL
NATIONAL,SCOOTER 200ML,Lubricants,ENGINE OIL,SCOOTER
NATIONAL,HYDRAULIC 16L,Lubricants,HYDRAULIC FLUID,UNIVERSAL
TOYOTA,OIL 520,Lubricants,ENGINE OIL,UNIVERSAL
STP,OIL ADDITIVE,Lubricants,OIL ADDITIVE,UNIVERSAL
STP,STOP LEAK,Lubricants,OIL ADDITIVE,UNIVERSAL
STP,BRAKE FLUID DOT4 500ML,Lubricants,BRAKE FLUID,UNIVERSAL
STP,BRAKE FLUID DOT4 1L,Lubricants,BRAKE FLUID,UNIVERSAL
STP,2T 1L,Lubricants,ENGINE OIL,2-STROKE
CALTEX,SD0,Lubricants,ENGINE OIL,UNIVERSAL
UNI OIL,ATF,Lubricants,TRANSMISSION FLUID,AUTOMATIC
PRESTONE,COOLANT 500ML,Lubricants,COOLANT,UNIVERSAL
PRESTONE,COOLANT 1L,Lubricants,COOLANT,UNIVERSAL
PRESTONE,BRAKE FLUID DOT3,Lubricants,BRAKE FLUID,UNIVERSAL
DE LUX,COOLANT 500ML 1L,Lubricants,COOLANT,UNIVERSAL
